{"cameraMode":{"drawMode":0,"name":"Shaded","section":"Shading Mode"},"sceneLighting":true,"audioPlay":false,"sceneViewState":{"showFog":true,"showMaterialUpdate":false,"showSkybox":true,"showFlares":true,"showImageEffects":true,"showParticleSystems":true},"in2DMode":false,"pivot":{"x":-0.6742072105407715,"y":2.7423906326293947,"z":1.6644201278686524},"rotation":{"x":-0.004052827600389719,"y":-0.9732236266136169,"z":-0.017219172790646554,"w":0.22920013964176179},"size":2.94053316116333,"orthographic":false}