{"cameraMode":{"drawMode":0,"name":"Shaded","section":"Shading Mode"},"sceneLighting":true,"audioPlay":false,"sceneViewState":{"showFog":true,"showMaterialUpdate":false,"showSkybox":true,"showFlares":true,"showImageEffects":true,"showParticleSystems":true},"in2DMode":false,"pivot":{"x":-1.89700448513031,"y":2.0062100887298586,"z":7.8783745765686039},"rotation":{"x":0.02754025161266327,"y":-0.9694285988807678,"z":0.12901796400547028,"w":0.20692144334316255},"size":2.94053316116333,"orthographic":false}